locationid,zone,borough,lyft_share_change,pre_strike_lyft_share,post_strike_lyft_share,rest_of_2017_lyft_share,lyft_share_2016,lyft_share_change_pct,pre_strike_lyft_share_pct,post_strike_lyft_share_pct,rest_of_2017_lyft_share_pct,lyft_share_2016_pct
54,Columbia Street,Brooklyn,0.16218893328979953301,0.15682224975905273303,0.31901118304885226604,0.30416933410562042090,0.14240073026015518028,16%,16%,32%,30%,14%
189,Prospect Heights,Brooklyn,0.16017123501519100791,0.14963227886359057022,0.30980351387878157813,0.31791547046409491036,0.15262760074790149978,16%,15%,31%,32%,15%
106,Gowanus,Brooklyn,0.15775566375465888394,0.15281512431224920366,0.31057078806690808760,0.31618924013473007633,0.14355493374763093892,16%,15%,31%,32%,14%
257,Windsor Terrace,Brooklyn,0.15562834972846413853,0.15874847727127011605,0.31437682699973425458,0.31897835780823197068,0.14163582437639424052,16%,16%,31%,32%,14%
112,Greenpoint,Brooklyn,0.15147811705303743597,0.14178910874743520200,0.29326722580047263797,0.30279140382907045446,0.14307918081869559636,15%,14%,29%,30%,14%
49,Clinton Hill,Brooklyn,0.14776668446471212696,0.15641723494694351855,0.30418391941165564551,0.30555037327543521909,0.16561362787553667939,15%,16%,30%,31%,17%
34,Brooklyn Navy Yard,Brooklyn,0.14710599927537754549,0.12145640198844551928,0.26856240126382306477,0.25252689147013066343,0.12155290741202894934,15%,12%,27%,25%,12%
40,Carroll Gardens,Brooklyn,0.14568216737364158620,0.12792482497847328816,0.27360699235211487436,0.29433772525018787744,0.11854542173295134111,15%,13%,27%,29%,12%
190,Prospect Park,Brooklyn,0.13700513116902251550,0.15479603087100330761,0.29180116204002582311,0.22248544072648307176,0.13745921150117439349,14%,15%,29%,22%,14%
181,Park Slope,Brooklyn,0.13637456072961026503,0.14531278023731085456,0.28168734096692111959,0.29567864433229024432,0.14242688615132783052,14%,15%,28%,30%,14%
52,Cobble Hill,Brooklyn,0.13062384193087604326,0.13056432870508312973,0.26118817063595917299,0.30405163327085139857,0.12244402722965119992,13%,13%,26%,30%,12%
80,East Williamsburg,Brooklyn,0.12564088552749693340,0.14305598308328537587,0.26869686861078230927,0.28263647744539555589,0.15609046630288710625,13%,14%,27%,28%,16%
25,Boerum Hill,Brooklyn,0.12501254562346162251,0.14910796987636422214,0.27412051549982584465,0.27448941074425963554,0.14622863366229009931,13%,15%,27%,27%,15%
97,Fort Greene,Brooklyn,0.12469325685875870052,0.16071520940738314051,0.28540846626614184103,0.28776214406468453387,0.16533813319619439445,12%,16%,29%,29%,17%
36,Bushwick North,Brooklyn,0.12329538548421388371,0.17541627795211036666,0.29871166343632425037,0.29153366490980625046,0.18328777299064032090,12%,18%,30%,29%,18%
195,Red Hook,Brooklyn,0.12328235890110877524,0.16867394695787831513,0.29195630585898709037,0.30649099531417602891,0.17469965110588383878,12%,17%,29%,31%,17%
37,Bushwick South,Brooklyn,0.12249050180220237479,0.17503345985913947825,0.29752396166134185304,0.29057990830282087798,0.19007951070336391437,12%,18%,30%,29%,19%
225,Stuyvesant Heights,Brooklyn,0.12048184004662820022,0.19234291196092966468,0.31282475200755786490,0.28330373473048172611,0.21465903291603694788,12%,19%,31%,28%,21%
17,Bedford,Brooklyn,0.12010111557520321754,0.18066890495867768595,0.30077002053388090349,0.30977203605199204344,0.20071857468983718336,12%,18%,30%,31%,20%
256,Williamsburg (South Side),Brooklyn,0.11531592164819689880,0.12953134838535576145,0.24484727003355266025,0.27026522782121709984,0.14355020415789676150,12%,13%,24%,27%,14%
228,Sunset Park West,Brooklyn,0.11272816309159625045,0.16280627871362940276,0.27553444180522565321,0.25690318896513700046,0.16684555436297091353,11%,16%,28%,26%,17%
198,Ridgewood,Queens,0.11125310620958139850,0.23202715211354520210,0.34328025832312660060,0.27929091901261515745,0.21836292873525205851,11%,23%,34%,28%,22%
61,Crown Heights North,Brooklyn,0.10775579218726271499,0.18348739284336257948,0.29124318503062529447,0.26285687263195693442,0.20785642066591544078,11%,18%,29%,26%,21%
133,Kensington,Brooklyn,0.10035219077634713665,0.15961314717859220477,0.25996533795493934142,0.21634223610875069178,0.18451230614428774496,10%,16%,26%,22%,18%
255,Williamsburg (North Side),Brooklyn,0.09977179610653826428,0.12017908764013255306,0.21995088374667081734,0.23966378323655233453,0.13076785759824547982,10%,12%,22%,24%,13%
33,Brooklyn Heights,Brooklyn,0.09869209845740411014,0.12542886423383683108,0.22412096269124094122,0.24153559127439724455,0.12503785536053232101,10%,13%,22%,24%,13%
66,DUMBO/Vinegar Hill,Brooklyn,0.09509316774815510978,0.10609097918272937548,0.20118414693088448526,0.22265766594992418218,0.11594556546222430784,10%,11%,20%,22%,12%
31,Bronx Park,Bronx,0.08876926687156945231,0.17872044506258692629,0.26748971193415637860,0.13973784468724300556,0.16817230032904576727,9%,18%,27%,14%,17%
188,Prospect-Lefferts Gardens,Brooklyn,0.08532679426481625788,0.18636616690023228581,0.27169296116504854369,0.22159588877380288423,0.22016144162716523241,9%,19%,27%,22%,22%
125,Hudson Sq,Manhattan,0.08530145397573787491,0.09133102038002895021,0.17663247435576682512,0.16073451916332440064,0.08433293239524805984,9%,9%,18%,16%,8%
89,Flatbush/Ditmas Park,Brooklyn,0.08527728227061833466,0.17359845737435207954,0.25887573964497041420,0.21072954754822188764,0.20184808990131854253,9%,17%,26%,21%,20%
179,Old Astoria,Queens,0.08242519848236817816,0.21149498055530433210,0.29392017903767251026,0.31487820594736713314,0.19434892015691862244,8%,21%,29%,31%,19%
116,Hamilton Heights,Manhattan,0.08185655978530354188,0.17451250149539418591,0.25636906128069772779,0.21602374629634262718,0.19607612513272890631,8%,17%,26%,22%,20%
41,Central Harlem,Manhattan,0.08114721060023671407,0.14970882680102074200,0.23085603740125745607,0.22434681654151831214,0.15406898002950466635,8%,15%,23%,22%,15%
7,Astoria,Queens,0.07987811597136524826,0.18722958447848921059,0.26710770044985445885,0.26673279650489717142,0.18248321096109481282,8%,19%,27%,27%,18%
145,Long Island City/Hunters Point,Queens,0.07953046308056731384,0.16403832294713637712,0.24356878602770369096,0.26290092016663409100,0.15165808752688764014,8%,16%,24%,26%,15%
42,Central Harlem North,Manhattan,0.07789511835491581495,0.17588194771763170298,0.25377706607254751793,0.21943235536880018009,0.19677502873890574675,8%,18%,25%,22%,20%
232,Two Bridges/Seward Park,Manhattan,0.07736652141966733579,0.18438869840718718806,0.26175521982685452385,0.26595130408678697950,0.18893995745618571769,8%,18%,26%,27%,19%
62,Crown Heights South,Brooklyn,0.07697215544678083604,0.18918660591964826202,0.26615876136642909806,0.23192390095371824198,0.22931608957876911486,8%,19%,27%,23%,23%
146,Long Island City/Queens Plaza,Queens,0.07580035618831993642,0.17475671239301207645,0.25055706858133201287,0.25411932111113402487,0.15529122231337161608,8%,17%,25%,25%,16%
251,Westerleigh,Staten Island,0.07568987528233330060,0.10294117647058823529,0.17863105175292153589,0.15712206279891869412,0.09287593801773706266,8%,10%,18%,16%,9%
193,Queensbridge/Ravenswood,Queens,0.07551731926532054451,0.25694682675814751286,0.33246414602346805737,0.33377733075996049329,0.22685900114455970786,8%,26%,33%,33%,23%
223,Steinway,Queens,0.07386875435202494779,0.18139085804304189852,0.25525961239506684631,0.26031786581595061444,0.18147583330739784009,7%,18%,26%,26%,18%
44,Charleston/Tottenville,Staten Island,0.07356775112279548691,0.06368715083798882682,0.13725490196078431373,0.09081410139923677994,0.10231516056758775205,7%,6%,14%,9%,10%
65,Downtown Brooklyn/MetroTech,Brooklyn,0.07348493548559552291,0.16329435206490025381,0.23677928755049577672,0.27549401832559598859,0.15687935542646206268,7%,16%,24%,28%,16%
148,Lower East Side,Manhattan,0.07325393370118945376,0.11751219039622824297,0.19076612409741769673,0.19694053966489496896,0.12327621502767457730,7%,12%,19%,20%,12%
93,Flushing Meadows-Corona Park,Queens,0.06918652115570486173,0.20950200343445907270,0.27868852459016393443,0.19231113498030791264,0.13028245715945396457,7%,21%,28%,19%,13%
206,Saint George/New Brighton,Staten Island,0.06869550466497031382,0.12977777777777777778,0.19847328244274809160,0.17365865190453206726,0.12072346278790716732,7%,13%,20%,17%,12%
132,JFK Airport,Queens,0.06604812515729099223,0.13323828616254311365,0.19928641131983410588,0.22967921251577581047,0.10843275925419014417,7%,13%,20%,23%,11%
4,Alphabet City,Manhattan,0.06589790424609142057,0.16392002773604530221,0.22981793198213672278,0.23732430316849879182,0.17914808246119266699,7%,16%,23%,24%,18%
226,Sunnyside,Queens,0.06584363264831159357,0.21935751677697576275,0.28520114942528735632,0.26984495790485205743,0.19745521475198061116,7%,22%,29%,27%,20%
53,College Point,Queens,0.06576880873287689600,0.21879494965638484897,0.28456375838926174497,0.23804588340777665359,0.20293055768935320326,7%,22%,28%,24%,20%
56,Corona,Queens,0.06544862176441699952,0.58299139110145627162,0.64844001286587327114,0.54519496285404074514,0.55433479824210946864,7%,58%,65%,55%,55%
209,Seaport,Manhattan,0.06475288930035277556,0.10874767349109279447,0.17350056279144557003,0.18399643734207647452,0.11169461624418257207,6%,11%,17%,18%,11%
246,West Chelsea/Hudson Yards,Manhattan,0.06168274209373942962,0.09060780681257505655,0.15229054890631448617,0.14222481310679767308,0.09730425274067057627,6%,9%,15%,14%,10%
45,Chinatown,Manhattan,0.06162347986607097005,0.16693563520360292738,0.22855911506967389743,0.25350873674781748419,0.17538368449163905832,6%,17%,23%,25%,18%
74,East Harlem North,Manhattan,0.06114253850851999824,0.20082768999247554552,0.26197022850099554376,0.25507193377604534612,0.20584933961504389144,6%,20%,26%,26%,21%
157,Maspeth,Queens,0.06100169476407100170,0.22521452145214521452,0.28621621621621621622,0.25362901045247715211,0.21676865085371215233,6%,23%,29%,25%,22%
152,Manhattanville,Manhattan,0.06095300911891863236,0.17061641648035771319,0.23156942559927634555,0.20343052832388320704,0.18853779722377655379,6%,17%,23%,20%,19%
158,Meatpacking/West Village West,Manhattan,0.06032054788081051337,0.08666008257874132864,0.14698063045955184201,0.15738562213356202692,0.09065675789021770024,6%,9%,15%,16%,9%
222,Starrett City,Brooklyn,0.06016059727850120863,0.18308264596474203461,0.24324324324324324324,0.18178048223156932608,0.24667184048713509641,6%,18%,24%,18%,25%
24,Bloomingdale,Manhattan,0.05880229571084425627,0.11911004569630683946,0.17791234140715109573,0.20485615908072205697,0.12811126344503964608,6%,12%,18%,20%,13%
227,Sunset Park East,Brooklyn,0.05814933669010195432,0.19216277317256970610,0.25031210986267166042,0.22773210363775591777,0.21160653595925177214,6%,19%,25%,23%,21%
211,SoHo,Manhattan,0.05801180838840499712,0.08194920525681917442,0.13996101364522417154,0.14320559839252458588,0.07980819005996637485,6%,8%,14%,14%,8%
79,East Village,Manhattan,0.05787850823149671100,0.11541682983074446330,0.17329533806224117430,0.18939266051486433332,0.12940833120527827143,6%,12%,17%,19%,13%
75,East Harlem South,Manhattan,0.05764393544732796725,0.16633819471817106819,0.22398213016549903544,0.23344040635517557690,0.17916519035494653692,6%,17%,22%,23%,18%
249,West Village,Manhattan,0.05717149591456154745,0.08514062380259023680,0.14231211971715178425,0.15009313523865413686,0.09059265132142532396,6%,9%,14%,15%,9%
166,Morningside Heights,Manhattan,0.05581869955234936001,0.12204691309587198386,0.17786561264822134387,0.19724888389230779228,0.12749479907471616362,6%,12%,18%,20%,13%
144,Little Italy/NoLiTa,Manhattan,0.05550381923086850933,0.09939677244161688261,0.15490059167248539194,0.16213039567124497435,0.09802984741574934361,6%,10%,15%,16%,10%
124,Howard Beach,Queens,0.05517715560145962336,0.23072978977952486754,0.28590694538098449090,0.23595141700404858300,0.20966473122307548230,6%,23%,29%,24%,21%
46,City Island,Bronx,0.05493638676844783715,0.15839694656488549618,0.21333333333333333333,0.21856497103202393837,0.28032758914860945231,5%,16%,21%,22%,28%
113,Greenwich Village North,Manhattan,0.05434289165390435603,0.09499469010024623931,0.14933758175415059534,0.16610058438108730299,0.09590233744576963689,5%,9%,15%,17%,10%
114,Greenwich Village South,Manhattan,0.05391043727015057730,0.09711576642160106850,0.15102620369175164580,0.16676967078168106149,0.10531196907586077903,5%,10%,15%,17%,11%
67,Dyker Heights,Brooklyn,0.05335936989615107276,0.14530213063220398184,0.19866150052835505460,0.16253902077305207264,0.15244465832531280077,5%,15%,20%,16%,15%
90,Flatiron,Manhattan,0.05299149195101175591,0.09494094835184205888,0.14793244030285381479,0.14956708415151545983,0.09785725740006524997,5%,9%,15%,15%,10%
91,Flatlands,Brooklyn,0.05270397734303822257,0.16260942188128305855,0.21531339922432128112,0.15767607187004713715,0.21109611799667724851,5%,16%,22%,16%,21%
244,Washington Heights South,Manhattan,0.05223043326742156546,0.18387453503568915251,0.23610496830311071797,0.19968489774622941366,0.20715641226135774593,5%,18%,24%,20%,21%
128,Inwood Hill Park,Manhattan,0.05204493593119185536,0.15165876777251184834,0.20370370370370370370,0.13371318139410902306,0.13165027491675056145,5%,15%,20%,13%,13%
243,Washington Heights North,Manhattan,0.05187292000228898962,0.17576234621887936563,0.22763526622116835525,0.17562386824443768081,0.20478255107257133120,5%,18%,23%,18%,20%
231,TriBeCa/Civic Center,Manhattan,0.05183648910846954162,0.08345082288535999945,0.13528731199382954107,0.14593797984715195486,0.08264690748423382239,5%,8%,14%,15%,8%
234,Union Sq,Manhattan,0.05171892395739632628,0.08900617283950617284,0.14072509679690249912,0.15221088763329926529,0.08877182685079825852,5%,9%,14%,15%,9%
14,Bay Ridge,Brooklyn,0.05123349230190244583,0.13790706654653108508,0.18914055884843353091,0.18329872014612603370,0.14082019954745287839,5%,14%,19%,18%,14%
138,LaGuardia Airport,Queens,0.05117267613901458227,0.11526477649788232755,0.16643745263689690982,0.20582782605053925190,0.10341628227123763343,5%,12%,17%,21%,10%
177,Ocean Hill,Brooklyn,0.05076547571159389168,0.21196548418024928092,0.26273095989184317260,0.22982765892958200243,0.24685170907221793883,5%,21%,26%,23%,25%
200,Riverdale/North Riverdale/Fieldston,Bronx,0.05071364101929153179,0.09210318088305111568,0.14281682190234264747,0.14140734426948594101,0.10751262571196804103,5%,9%,14%,14%,11%
68,East Chelsea,Manhattan,0.05069306702628377417,0.10093936945539423320,0.15163243648167800737,0.17036397513726703271,0.10321135988049659780,5%,10%,15%,17%,10%
71,East Flatbush/Farragut,Brooklyn,0.04962508685201900216,0.16444526490677496769,0.21407035175879396985,0.16855762311092834379,0.23725793150516128421,5%,16%,21%,17%,24%
151,Manhattan Valley,Manhattan,0.04911324935661789903,0.10184267204540015726,0.15095592140201805629,0.17859665728680236774,0.11179210508679042960,5%,10%,15%,18%,11%
48,Clinton East,Manhattan,0.04909958079078392461,0.12647826192972617103,0.17557784272051009564,0.16946789326835769496,0.12397501183554061108,5%,13%,18%,17%,12%
186,Penn Station/Madison Sq West,Manhattan,0.04904157169217410181,0.11582329317269076305,0.16486486486486486486,0.21583880091364800025,0.10439669956445460125,5%,12%,16%,22%,10%
217,South Williamsburg,Brooklyn,0.04882436612887071853,0.16750599520383693046,0.21633036133270764899,0.21421271079757201082,0.20508718171217832253,5%,17%,22%,21%,21%
107,Gramercy,Manhattan,0.04870307987912271919,0.10230619453440701349,0.15100927441352973268,0.16097224179230660843,0.11439267810834075014,5%,10%,15%,16%,11%
102,Glendale,Queens,0.04868636721428599601,0.25503768650976772804,0.30372405372405372405,0.27458830118861245908,0.23182149652565316882,5%,26%,30%,27%,23%
77,East New York/Pennsylvania Avenue,Brooklyn,0.04761763282951337512,0.19444065018440103811,0.24205828301391441323,0.18369049055585920032,0.25741819427788247387,5%,19%,24%,18%,26%
5,Arden Heights,Staten Island,0.04720822414835718605,0.05609756097560975610,0.10330578512396694215,0.11227749885896850753,0.10047063638223859218,5%,6%,10%,11%,10%
196,Rego Park,Queens,0.04684659973914770639,0.23589479870702321481,0.28274139844617092120,0.23606338218770247771,0.21662039179392256671,5%,24%,28%,24%,22%
160,Middle Village,Queens,0.04683323008820353339,0.21893104855161158711,0.26576427863981512050,0.21842220028920972296,0.19992682906077442080,5%,22%,27%,22%,20%
173,North Corona,Queens,0.04666529843735960333,0.31406529516994633274,0.36073059360730593607,0.25363169559588334687,0.30751610395379831186,5%,31%,36%,25%,31%
50,Clinton West,Manhattan,0.04643707746875551586,0.12203991388840402630,0.16847699135715954216,0.22056263139263551051,0.12580076884461589061,5%,12%,17%,22%,13%
85,Erasmus,Brooklyn,0.04584081244290856584,0.17623905089256015079,0.22207986333546871663,0.17784993551323875275,0.21771607220896224829,5%,18%,22%,18%,22%
187,Port Richmond,Staten Island,0.04513150701573224807,0.13803680981595092025,0.18316831683168316832,0.20028842056963062502,0.12737605330197922791,5%,14%,18%,20%,13%
134,Kew Gardens,Queens,0.04482579746006709802,0.21280713564456411982,0.25763293310463121784,0.24308718894703158529,0.19176225781632510317,4%,21%,26%,24%,19%
88,Financial District South,Manhattan,0.04428956749978507831,0.11816942551119766310,0.16245899301098274141,0.19152815938297007257,0.10905617722745403884,4%,12%,16%,19%,11%
180,Ozone Park,Queens,0.04391397303110288541,0.28573320969664856272,0.32964718272775144813,0.26958443276562647651,0.25832271069872231939,4%,29%,33%,27%,26%
201,Rockaway Park,Queens,0.04388494047485595139,0.13909378292939936776,0.18297872340425531915,0.16228938832917133098,0.15601659751037344398,4%,14%,18%,16%,16%
238,Upper West Side North,Manhattan,0.04350539611128295910,0.10729283431764568102,0.15079823042892864012,0.16593020153179961926,0.11536108105322821662,4%,11%,15%,17%,12%
239,Upper West Side South,Manhattan,0.04332571159556409771,0.10049840159085760314,0.14382411318642170085,0.18445211023594651320,0.10954882721331881126,4%,10%,14%,18%,11%
95,Forest Hills,Queens,0.04295406505724773004,0.20725374874158851269,0.25020781379883624273,0.24703666448174284959,0.17610974910020343227,4%,21%,25%,25%,18%
168,Mott Haven/Port Morris,Bronx,0.04293653419623807994,0.25256210763534903686,0.29549864183158711680,0.22040927552781490469,0.28923994711982408705,4%,25%,30%,22%,29%
87,Financial District North,Manhattan,0.04280709285761221783,0.10799891047757399673,0.15080600333518621456,0.16103706427059260815,0.10682579267075202045,4%,11%,15%,16%,11%
202,Roosevelt Island,Manhattan,0.04242910151703036437,0.19384540828689120426,0.23627450980392156863,0.31121172233231597067,0.23908333120905452599,4%,19%,24%,31%,24%
58,Country Club,Bronx,0.04204403654953105502,0.20625528317836010144,0.24829931972789115646,0.16892523364485981308,0.21210163652024117140,4%,21%,25%,17%,21%
183,Pelham Bay,Bronx,0.04191880655932920533,0.18670248488918737408,0.22862129144851657941,0.18372230160350184845,0.20633916244822825587,4%,19%,23%,18%,21%
142,Lincoln Square East,Manhattan,0.04180927363353604623,0.09545312010034493572,0.13726239373388098195,0.16315198656635819593,0.09906358511437512201,4%,10%,14%,16%,10%
261,World Trade Center,Manhattan,0.04156788397973931058,0.11629172220559832431,0.15785960618533763489,0.17506830689185678675,0.11184705240062217369,4%,12%,16%,18%,11%
39,Canarsie,Brooklyn,0.04149793576425365972,0.15538729563119807022,0.19688523139545172994,0.14616426459585790133,0.21410784421067998506,4%,16%,20%,15%,21%
224,Stuy Town/Peter Cooper Village,Manhattan,0.04144106323336266627,0.15731812794310792197,0.19875919117647058824,0.23443370283912443016,0.18886732022757815762,4%,16%,20%,23%,19%
64,Douglaston,Queens,0.04077254306506320940,0.10828196194049852586,0.14905450500556173526,0.14628314529522936831,0.09930787995688432518,4%,11%,15%,15%,10%
100,Garment District,Manhattan,0.04060539058291478879,0.10779369148461881409,0.14839908206753360288,0.15253420902521034818,0.10199367117324417837,4%,11%,15%,15%,10%
164,Midtown South,Manhattan,0.04017355331060030743,0.10988802919331101376,0.15006158250391132119,0.16201725123205642306,0.10345661486664740393,4%,11%,15%,16%,10%
205,Saint Albans,Queens,0.04008473930854457024,0.19417738659444820582,0.23426212590299277606,0.21622881961700012935,0.22002067237784902157,4%,19%,23%,22%,22%
263,Yorkville West,Manhattan,0.03983160827336331411,0.12166727937958440558,0.16149888765294771969,0.18479527258763968814,0.13165594545664650822,4%,12%,16%,18%,13%
127,Inwood,Manhattan,0.03915243552349614625,0.17875141417258047928,0.21790384969607662553,0.17784480221951322040,0.21463295914331781814,4%,18%,22%,18%,21%
139,Laurelton,Queens,0.03899908283982737532,0.17006607296753806377,0.20906515580736543909,0.20414849716438751550,0.19493265038806670446,4%,17%,21%,20%,19%
140,Lenox Hill East,Manhattan,0.03856964414662680266,0.12033464120107655890,0.15890428534770336156,0.18455184176361275870,0.12642449559271670570,4%,12%,16%,18%,13%
28,Briarwood/Jamaica Hills,Queens,0.03851129149958040163,0.20569321786847294864,0.24420450936805335027,0.22231173313248991811,0.21187919818056804358,4%,21%,24%,22%,21%
156,Mariners Harbor,Staten Island,0.03827160493827160494,0.18395061728395061728,0.22222222222222222222,0.21348172046908702035,0.14979695431472081218,4%,18%,22%,21%,15%
15,Bay Terrace/Fort Totten,Queens,0.03797823047152367312,0.15223311546840958606,0.19021134593993325918,0.17402871427916150635,0.13378831558510325352,4%,15%,19%,17%,13%
230,Times Sq/Theatre District,Manhattan,0.03752366962171961227,0.10004781671644687147,0.13757148633816648374,0.16596779662998865749,0.08886040905468650878,4%,10%,14%,17%,9%
162,Midtown East,Manhattan,0.03721539219991166218,0.08403323480643068272,0.12124862700634234490,0.14495380356523630123,0.07812818734445759047,4%,8%,12%,14%,8%
115,Grymes Hill/Clifton,Staten Island,0.03685591890428913557,0.13292336802270577105,0.16977928692699490662,0.17683329162021341949,0.12246855079821740847,4%,13%,17%,18%,12%
63,Cypress Hills,Brooklyn,0.03625791636038154281,0.22782284878308285676,0.26408076514346439957,0.20680131015576068095,0.26915283713833356576,4%,23%,26%,21%,27%
70,East Elmhurst,Queens,0.03617495644628438785,0.22975910948778154622,0.26593406593406593407,0.27542781393106772716,0.20626653371022638306,4%,23%,27%,28%,21%
154,Marine Park/Floyd Bennett Field,Brooklyn,0.03591474514563106796,0.16796875000000000000,0.20388349514563106796,0.14346065833480021123,0.16349337748344370861,4%,17%,20%,14%,16%
192,Queensboro Hill,Queens,0.03569188989207626272,0.23112552107457156091,0.26681741096664782363,0.22109714647063473243,0.21582473888195493661,4%,23%,27%,22%,22%
167,Morrisania/Melrose,Bronx,0.03546870560495994640,0.22077189589879945210,0.25624060150375939850,0.15783700318950850827,0.27719207443995634416,4%,22%,26%,16%,28%
170,Murray Hill,Manhattan,0.03536484783322316467,0.10760518438366334679,0.14297003221688651146,0.17864602861766732362,0.11518275879289758153,4%,11%,14%,18%,12%
262,Yorkville East,Manhattan,0.03534136005667681690,0.10489174017642341620,0.14023310023310023310,0.16423653408657690869,0.11840609721139177831,4%,10%,14%,16%,12%
51,Co-Op City,Bronx,0.03531445540765121148,0.17734474953252632615,0.21265920494017753763,0.14894708298474331863,0.21031242062484124968,4%,18%,21%,15%,21%
218,Springfield Gardens North,Queens,0.03498772206051098830,0.20791595406792084046,0.24290367612843182876,0.22724729758406265875,0.21135417150465220690,3%,21%,24%,23%,21%
143,Lincoln Square West,Manhattan,0.03471364594359028956,0.09871096990914057915,0.13342461585273086871,0.16565144663218976424,0.10929039753678270990,3%,10%,13%,17%,11%
260,Woodside,Queens,0.03452490621819132974,0.21266060528450078969,0.24718551150269211943,0.21259665454068450506,0.22650056095736724009,3%,21%,25%,21%,23%
212,Soundview/Bruckner,Bronx,0.03437667778210135897,0.22744845360824742268,0.26182513139034878165,0.17604074790156484559,0.27519192968141527278,3%,23%,26%,18%,28%
259,Woodlawn/Wakefield,Bronx,0.03411704808719691944,0.13738152275804603687,0.17149857084524295631,0.12256248646828165219,0.19112789051439358188,3%,14%,17%,12%,19%
96,Forest Park/Highland Park,Queens,0.03378648120521925493,0.28489483747609942639,0.31868131868131868132,0.17604862556127477823,0.24167675544794188862,3%,28%,32%,18%,24%
197,Richmond Hill,Queens,0.03378294169327660596,0.25930579550808858175,0.29308873720136518771,0.26454003162069405347,0.24836898308935700607,3%,26%,29%,26%,25%
163,Midtown North,Manhattan,0.03363734502865721496,0.08313667840148555070,0.11677402343014276566,0.14574679670464328580,0.07851041788398291525,3%,8%,12%,15%,8%
76,East New York,Brooklyn,0.03361716995976140243,0.21040901661961666631,0.24402618657937806874,0.18795749191084366559,0.25658587987355110643,3%,21%,24%,19%,26%
72,East Flatbush/Remsen Village,Brooklyn,0.03332949777851694677,0.17545396863764087380,0.20878346641615782057,0.15693172787752497850,0.23923082444708528405,3%,18%,21%,16%,24%
137,Kips Bay,Manhattan,0.03329295814090225955,0.13097249846715219309,0.16426545660805445264,0.18413598950358935155,0.15385645232850482202,3%,13%,16%,18%,15%
131,Jamaica Estates,Queens,0.03317671488022955821,0.16378116343490304709,0.19695787831513260530,0.18086771387112921929,0.18594441998394239983,3%,16%,20%,18%,19%
161,Midtown Center,Manhattan,0.03236286913554026237,0.07512126627521062037,0.10748413541075088274,0.11674141253698085653,0.07086007175807278319,3%,8%,11%,12%,7%
208,Schuylerville/Edgewater Park,Bronx,0.03223310579374988380,0.21711366538952745849,0.24934677118327734229,0.18853531149670255289,0.24211373878261321282,3%,22%,25%,19%,24%
184,Pelham Bay Park,Bronx,0.03220219158713326264,0.15072463768115942029,0.18292682926829268293,0.12372634643377001456,0.16374908825674690007,3%,15%,18%,12%,16%
82,Elmhurst,Queens,0.03211161069484877295,0.25710846998646005717,0.28922008068130883012,0.21016650286176793664,0.26192063354509275863,3%,26%,29%,21%,26%
229,Sutton Place/Turtle Bay North,Manhattan,0.03187411354061633098,0.10498396892839454683,0.13685808246901087781,0.15044816287432433460,0.10296410311022174121,3%,10%,14%,15%,10%
258,Woodhaven,Queens,0.03171176278487010755,0.28803017269900086019,0.31974193548387096774,0.26784808251393441105,0.27372678719077521285,3%,29%,32%,27%,27%
236,Upper East Side North,Manhattan,0.03159994136568807517,0.07887098859002831929,0.11047092995571639446,0.13692186800656990038,0.08019781326101645723,3%,8%,11%,14%,8%
83,Elmhurst/Maspeth,Queens,0.03155099435334965980,0.23326959847036328872,0.26482059282371294852,0.22227028549584532121,0.24448931165830610078,3%,23%,26%,22%,24%
176,Oakwood,Staten Island,0.03136740906059545584,0.09502664298401420959,0.12639405204460966543,0.13384097916472017191,0.10667058477813693800,3%,10%,13%,13%,11%
233,UN/Turtle Bay South,Manhattan,0.03086523482739357716,0.11759082217973231358,0.14845605700712589074,0.15264413486346087351,0.12107830807116261882,3%,12%,15%,15%,12%
242,Van Nest/Morris Park,Bronx,0.03060584111384650065,0.17282487451199107641,0.20343071562583757706,0.15313746948396329657,0.21865413666231082196,3%,17%,20%,15%,22%
35,Brownsville,Brooklyn,0.03059769482213938578,0.20250195465207193120,0.23309964947421131698,0.19289732782997910979,0.26701616160738717061,3%,20%,23%,19%,27%
135,Kew Gardens Hills,Queens,0.03058889210113569365,0.20691881918819188192,0.23750771128932757557,0.22229038257431912677,0.20683932153930330111,3%,21%,24%,22%,21%
122,Hollis,Queens,0.03052899597809894603,0.17200264959152130713,0.20253164556962025316,0.20785156691933476638,0.20506140677335318199,3%,17%,20%,21%,21%
13,Battery Park City,Manhattan,0.03041543714049164477,0.06963406168391127566,0.10004949882440292043,0.11966844507805771369,0.07388541920924433739,3%,7%,10%,12%,7%
219,Springfield Gardens South,Queens,0.03037214007053160330,0.17386777719937532535,0.20423991726990692865,0.21736603907734799076,0.18756435006435006435,3%,17%,20%,22%,19%
237,Upper East Side South,Manhattan,0.02983879653811685067,0.07409483123255223754,0.10393362777066908821,0.11850744977448162232,0.07300680707541944140,3%,7%,10%,12%,7%
215,South Jamaica,Queens,0.02922364624903440123,0.22833763996554694229,0.25756128621458134352,0.23992743479379532600,0.25923418164837730563,3%,23%,26%,24%,26%
59,Crotona Park,Bronx,0.02850550175020013499,0.24217118997912317328,0.27067669172932330827,0.14491679024550996869,0.29027738862426449986,3%,24%,27%,14%,29%
141,Lenox Hill West,Manhattan,0.02842267692690819418,0.09901368203426434375,0.12743635896117253793,0.16376914791063721215,0.10049880507663107894,3%,10%,13%,16%,10%
216,South Ozone Park,Queens,0.02836778355505199460,0.23443207322976719623,0.26279985678481919083,0.23443919207341173495,0.24501482376194136379,3%,23%,26%,23%,25%
94,Fordham South,Bronx,0.02761739933915414182,0.20667970933482392398,0.23429710867397806580,0.16505811299786334681,0.28312483526286977150,3%,21%,23%,17%,28%
136,Kingsbridge Heights,Bronx,0.02757803725123693495,0.20237760928578114762,0.22995564653701808257,0.14515841743308584909,0.26213706821937209851,3%,20%,23%,15%,26%
203,Rosedale,Queens,0.02752432538402370460,0.15658311725727456065,0.18410744264129826525,0.17596588957421705820,0.15962277971067570042,3%,16%,18%,18%,16%
185,Pelham Parkway,Bronx,0.02736182913256818618,0.18193333861135302035,0.20929516774392120653,0.16894529194052977511,0.21834075117671544299,3%,18%,21%,17%,22%
81,Eastchester,Bronx,0.02694549238251037737,0.15987268943567144081,0.18681818181818181818,0.12474613503543747669,0.20158639810513559664,3%,16%,19%,12%,20%
153,Marble Hill,Manhattan,0.02686764102125006312,0.16860747210092188258,0.19547511312217194570,0.17307285720326440864,0.20330409169494781328,3%,17%,20%,17%,20%
117,Hammels/Arverne,Queens,0.02675334612638612326,0.18200577796120511762,0.20875912408759124088,0.22739775991246333642,0.18161642315516922508,3%,18%,21%,23%,18%
155,Marine Park/Mill Basin,Brooklyn,0.02657585368532670916,0.13476673890726588343,0.16134259259259259259,0.13147388004606797980,0.17076366829723443814,3%,13%,16%,13%,17%
247,West Concourse,Bronx,0.02644378652377106458,0.24101504191066712596,0.26745882843443819054,0.17091548143352140535,0.27872719717988928653,3%,24%,27%,17%,28%
121,Hillcrest/Pomonok,Queens,0.02632391805808038374,0.19475046210720887246,0.22107438016528925620,0.20795502966337801960,0.20461182726507753555,3%,19%,22%,21%,20%
191,Queens Village,Queens,0.02625543506104365342,0.16157807614493286739,0.18783351120597652081,0.18913734962810609141,0.17776165224672062517,3%,16%,19%,19%,18%
126,Hunts Point,Bronx,0.02595867203171634340,0.21567701570062566403,0.24163568773234200743,0.17011985225759441192,0.29083692602477246288,3%,22%,24%,17%,29%
220,Spuyten Duyvil/Kingsbridge,Bronx,0.02581302930163278083,0.15301832856902639987,0.17883135787065918070,0.15501406621943302316,0.16036371962188859451,3%,15%,18%,16%,16%
9,Auburndale,Queens,0.02532855807192090378,0.15768302493966210780,0.18301158301158301158,0.17047550316734824794,0.16693376068376068376,3%,16%,18%,17%,17%
129,Jackson Heights,Queens,0.02483295442403684570,0.21999064817082674623,0.24482360259486359193,0.22339571947607852716,0.23754742104866467352,2%,22%,24%,22%,24%
240,Van Cortlandt Park,Bronx,0.02467538088642659280,0.17063711911357340720,0.19531250000000000000,0.09528605677159434270,0.17142686424474187380,2%,17%,20%,10%,17%
178,Ocean Parkway South,Brooklyn,0.02462012999919788429,0.11659422142674507799,0.14121435142594296228,0.12364735721397373566,0.14693454151602520098,2%,12%,14%,12%,15%
130,Jamaica,Queens,0.02451266553380309134,0.20878354827466016033,0.23329621380846325167,0.20177602904253122181,0.22345269244799524425,2%,21%,23%,20%,22%
23,Bloomfield/Emerson Hill,Staten Island,0.02425968598376962602,0.11926605504587155963,0.14352574102964118565,0.17571392935000704982,0.12469074715487382484,2%,12%,14%,18%,12%
16,Bayside,Queens,0.02420812512905804925,0.12633932012641640330,0.15054744525547445255,0.15711498623989525955,0.12778802761392476332,2%,13%,15%,16%,13%
254,Williamsbridge/Olinville,Bronx,0.02389661693192405553,0.15586130220276561740,0.17975791913468967293,0.13093758275308815054,0.21886618560372003393,2%,16%,18%,13%,22%
69,East Concourse/Concourse Village,Bronx,0.02356156038200342805,0.22949445129469790382,0.25305601167670133187,0.15805794074594264295,0.28913582615129550717,2%,23%,25%,16%,29%
221,Stapleton,Staten Island,0.02317908916073749708,0.13976440624005093919,0.16294349540078843627,0.17082124459707501924,0.13341366844551557927,2%,14%,16%,17%,13%
213,Soundview/Castle Hill,Bronx,0.02306274253996355457,0.21257400620242458416,0.23563674874238813873,0.16211425132431192387,0.29127550518573567502,2%,21%,24%,16%,29%
38,Cambria Heights,Queens,0.02264546535250185467,0.18486795146324054247,0.20751341681574239714,0.19311931193119311931,0.18291239147592738753,2%,18%,21%,19%,18%
159,Melrose South,Bronx,0.02236067067359995117,0.25058815142225707564,0.27294882209585702681,0.17937771886563808670,0.30831088691904598658,2%,25%,27%,18%,31%
20,Belmont,Bronx,0.02184378064668337866,0.17589460566138508100,0.19773838630806845966,0.14509037241485059322,0.20697373813802452789,2%,18%,20%,15%,21%
32,Bronxdale,Bronx,0.02152413698962107707,0.19957936683639583795,0.22110350382601691502,0.16257589560766512725,0.23991604595379371292,2%,20%,22%,16%,24%
18,Bedford Park,Bronx,0.02083216629514960938,0.19049021918453924110,0.21132238547968885048,0.13870122188915623782,0.24909136000957813449,2%,19%,21%,14%,25%
86,Far Rockaway,Queens,0.02071499240530787576,0.27242044358727097396,0.29313543599257884972,0.22810581701256942414,0.29024513520343694718,2%,27%,29%,23%,29%
119,Highbridge,Bronx,0.02061030974732003215,0.26764482671388818619,0.28825513646120821834,0.17782656821193982028,0.31935652044388173084,2%,27%,29%,18%,32%
73,East Flushing,Queens,0.02035506251772825592,0.16487647690655209452,0.18523153942428035044,0.18620703140276094013,0.17538429142977468941,2%,16%,19%,19%,18%
250,Westchester Village/Unionport,Bronx,0.01979536380826069037,0.19810172791433438793,0.21789709172259507830,0.16125100595994821493,0.23756061106380020508,2%,20%,22%,16%,24%
182,Parkchester,Bronx,0.01978423023817846087,0.21649364283214743964,0.23627787307032590051,0.16798697089005897886,0.23620458690424312852,2%,22%,24%,17%,24%
3,Allerton/Pelham Gardens,Bronx,0.01869729890601102821,0.17420843481604922446,0.19290573372206025267,0.15866752615917540810,0.21262568855469091545,2%,17%,19%,16%,21%
43,Central Park,Manhattan,0.01827179559842027736,0.10989761092150170648,0.12816940651992198384,0.08695186482851240095,0.10011837896380626149,2%,11%,13%,9%,10%
10,Baisley Park,Queens,0.01678906845536919126,0.20202931228861330327,0.21881838074398249453,0.21219964310986678153,0.21025216493502869527,2%,20%,22%,21%,21%
165,Midwood,Brooklyn,0.01675869635053308522,0.13729535770352096883,0.15405405405405405405,0.13328712822465544777,0.15733168270731881002,2%,14%,15%,13%,16%
171,Murray Hill-Queens,Queens,0.01657331593379137773,0.16029261968700805630,0.17686593562079943403,0.18766537863833004326,0.18708322757793211657,2%,16%,18%,19%,19%
21,Bensonhurst East,Brooklyn,0.01625150678594664470,0.15076359193646915089,0.16701509872241579559,0.13931481761513517146,0.18876724594033616865,2%,15%,17%,14%,19%
12,Battery Park,Manhattan,0.01622596913432005764,0.12721665381649961449,0.14344262295081967213,0.11559033541485521566,0.10310752019888129273,2%,13%,14%,12%,10%
84,Eltingville/Annadale/Prince's Bay,Staten Island,0.01551008519624262724,0.08126410835214446953,0.09677419354838709677,0.09735460027232056020,0.08254938852304797742,2%,8%,10%,10%,8%
147,Longwood,Bronx,0.01499463327263124816,0.25102279368790181181,0.26601742696053305997,0.17038049375619541437,0.30816924844499029357,1%,25%,27%,17%,31%
174,Norwood,Bronx,0.01441960398497170003,0.17534319251939783805,0.18976279650436953808,0.14929245438322698748,0.20929633919870557302,1%,18%,19%,15%,21%
241,Van Cortlandt Village,Bronx,0.01403048564338886919,0.18684863523573200993,0.20087912087912087912,0.14665689349718230028,0.22887877200757423150,1%,19%,20%,15%,23%
235,University Heights/Morris Heights,Bronx,0.01377850922924936560,0.23349775536219032312,0.24727626459143968872,0.16593307923003076668,0.32378954898709069034,1%,23%,25%,17%,32%
120,Highbridge Park,Manhattan,0.01347708894878706200,0.21293800539083557951,0.22641509433962264151,0.04098864843706313258,0.25579692457896021479,1%,21%,23%,4%,26%
149,Madison,Brooklyn,0.01327448601568591991,0.13536023835319609967,0.14863472436888201958,0.12981887116600761245,0.17225747960108794198,1%,14%,15%,13%,17%
175,Oakland Gardens,Queens,0.01282773255149376754,0.14712108382726502964,0.15994881637875879718,0.16684657226913878130,0.16523207922624832246,1%,15%,16%,17%,17%
248,West Farms/Bronx River,Bronx,0.01280114407649333292,0.21123513710264498908,0.22403628117913832200,0.16934495437831948795,0.25093666054008200198,1%,21%,22%,17%,25%
47,Claremont/Bathgate,Bronx,0.01235047541342652128,0.24892583597982439753,0.26127631139325091881,0.15692466952692511434,0.29708706828806989971,1%,25%,26%,16%,30%
172,New Dorp/Midland Beach,Staten Island,0.01224884286803595973,0.09454727363681840920,0.10679611650485436893,0.12316586373021335169,0.12101859982437934062,1%,9%,11%,12%,12%
19,Bellerose,Queens,0.01181075645293744498,0.12024665981500513875,0.13205741626794258373,0.17109778251968049828,0.12862115589309858750,1%,12%,13%,17%,13%
26,Borough Park,Brooklyn,0.01136256376392645508,0.13356869667549279200,0.14493126043941924708,0.13158846181068998433,0.16265367934334563963,1%,13%,14%,13%,16%
118,Heartland Village/Todt Hill,Staten Island,0.01099976815476957160,0.07990932275432133749,0.09090909090909090909,0.13305708385880787727,0.09431220592305563244,1%,8%,9%,13%,9%
123,Homecrest,Brooklyn,0.00966087097385862132,0.11674414100329265931,0.12640501197715128063,0.11416495396012586942,0.14284494379281109139,1%,12%,13%,11%,14%
78,East Tremont,Bronx,0.00940003590097619978,0.22480383941494629390,0.23420387531592249368,0.17031874911726508917,0.28604765152160941096,1%,22%,23%,17%,29%
22,Bensonhurst West,Brooklyn,0.00937705356442318323,0.17552717552717552718,0.18490422909159871041,0.16169721285067323182,0.19885321243555538971,1%,18%,18%,16%,20%
150,Manhattan Beach,Brooklyn,0.00933865494053527821,0.11124661246612466125,0.12058526740665993946,0.09676477945468189777,0.14974146175416984099,1%,11%,12%,10%,15%
92,Flushing,Queens,0.00821043721012606188,0.21210183896807190403,0.22031227617819796591,0.21287775768057774316,0.20476374404531994335,1%,21%,22%,21%,20%
60,Crotona Park East,Bronx,0.00780880372727970528,0.22698760029175784099,0.23479640401903754627,0.16619880335361088361,0.29273751948519125465,1%,23%,23%,17%,29%
55,Coney Island,Brooklyn,0.00588500228787998572,0.15162415522127752344,0.15750915750915750916,0.13935099379355840472,0.18115686136026555548,1%,15%,16%,14%,18%
29,Brighton Beach,Brooklyn,0.00511655106757217656,0.11526053377651774367,0.12037708484408992023,0.10977429897347545027,0.16770496579856534347,1%,12%,12%,11%,17%
6,Arrochar/Fort Wadsworth,Staten Island,0.00460334788937409025,0.09583333333333333333,0.10043668122270742358,0.15932223866622368540,0.10833273108332731083,0%,10%,10%,16%,11%
11,Bath Beach,Brooklyn,0.00359505960388460896,0.17106668701358156570,0.17466174661746617466,0.15114519221067500757,0.17974436530393209094,0%,17%,17%,15%,18%
210,Sheepshead Bay,Brooklyn,0.00356795077822296500,0.12303562440579385940,0.12660357518401682440,0.11308847186529645543,0.17608926673751328374,0%,12%,13%,11%,18%
98,Fresh Meadows,Queens,0.00327759259627756254,0.17848495330335524040,0.18176254589963280294,0.18437118437118437118,0.17707453749904045444,0%,18%,18%,18%,18%
108,Gravesend,Brooklyn,0.00157280441628519847,0.13232465700730862931,0.13389746142359382778,0.11859048551266195329,0.18012656862392578476,0%,13%,13%,12%,18%
252,Whitestone,Queens,0.00123555840821566110,0.21250000000000000000,0.21373555840821566110,0.22777260180936376222,0.17135349122926762678,0%,21%,21%,23%,17%
169,Mount Hope,Bronx,0.00088155117033037506,0.24934226261659889978,0.25022381378692927484,0.16835937816118929505,0.31078259198098782907,0%,25%,25%,17%,31%
245,West Brighton,Staten Island,0.00062807812203100847,0.09015206372194062274,0.09078014184397163121,0.12743528395905664790,0.09358448855524340257,0%,9%,9%,13%,9%
109,Great Kills,Staten Island,0.00028712558094264789,0.08320802005012531328,0.08349514563106796117,0.09836770731928188178,0.09753557792433182923,0%,8%,8%,10%,10%
111,Green-Wood Cemetery,Brooklyn,-0.00087045570916538659,0.14603174603174603175,0.14516129032258064516,0.17759708997539317428,0.13039527487505679237,0%,15%,15%,18%,13%
214,South Beach/Dongan Hills,Staten Island,-0.00298231180584121761,0.09389140271493212670,0.09090909090909090909,0.12918920005629159044,0.10219363003585741405,0%,9%,9%,13%,10%
101,Glen Oaks,Queens,-0.00365078509062723713,0.20903322135125046659,0.20538243626062322946,0.17504916705229060620,0.16403422878794329261,0%,21%,21%,18%,16%
204,Rossville/Woodrow,Staten Island,-0.00801090280547799495,0.08409785932721712538,0.07608695652173913043,0.10513415892672858617,0.08509591736350221348,-1%,8%,8%,11%,9%
194,Randalls Island,Manhattan,-0.03145731573959320551,0.11285266457680250784,0.08139534883720930233,0.21494182486221677893,0.17967621419676214197,-3%,11%,8%,21%,18%
